{
  "timestamp": "2025-10-17T23:05:30.373417",
  "data_info": {
    "total_points": 731,
    "train_points": 584,
    "test_points": 147
  },
  "sarima_s7": {
    "order": [
      0,
      1,
      2
    ],
    "seasonal_order": [
      1,
      1,
      2,
      7
    ],
    "aic": 4005.11977091279,
    "rmse": 6.813494890871068,
    "mae": 5.537868555776254,
    "mape": 66.27157880263563,
    "wape": 52.262741687751344
  },
  "sarima_s30": {
    "order": [
      0,
      1,
      2
    ],
    "seasonal_order": [
      1,
      1,
      2,
      30
    ],
    "aic": 3717.0895557101862,
    "rmse": 10.085901591644102,
    "mae": 8.949531318428544,
    "mape": 126.62732014500553,
    "wape": 84.45975898680564
  },
  "winner": "s=7",
  "improvement": {
    "wape": -32.197017299054295,
    "aic": 288.0302152026038,
    "mae": -3.4116627626522904,
    "rmse": -3.2724067007730344
  }
}